<?xml version="1.0" encoding="UTF-8"?>
<beans xmlns="http://www.springframework.org/schema/beans"
		xmlns:xsi="http://www.w3.org/2001/XMLSchema-instance"
		xmlns:aop="http://www.springframework.org/schema/aop"
		xmlns:context="http://www.springframework.org/schema/context"
		xsi:schemaLocation="http://www.springframework.org/schema/beans http://www.springframework.org/schema/beans/spring-beans-2.0.xsd
				http://www.springframework.org/schema/aop http://www.springframework.org/schema/aop/spring-aop-2.0.xsd
				http://www.springframework.org/schema/context http://www.springframework.org/schema/context/spring-context-2.5.xsd">
				
<aop:aspectj-autoproxy />	
				
<bean name="triangle" class="org.koushik.javabrains.model.Triangle">
	<property name="name" value="Triangle name" />
</bean>

<bean name="circle" class="org.koushik.javabrains.model.Circle">
</bean>

<bean name="shapeService" class="org.koushik.javabrains.service.ShapeService" autowire="byName" />

<bean name="loggingAspect" class="org.koushik.javabrains.aspect.LoggingAspect" />

<aop:config>
	<aop:aspect id="loggingAspect" ref="loggingAspect">
		<aop:around pointcut="execution(* get*())" method="myAroundAdvice"/>
		<aop:before method="" arg-names=""/>
	</aop:aspect>

</aop:config>

</beans>