<?xml version="1.0" encoding="UTF-8"?>
<beans xmlns="http://www.springframework.org/schema/beans"
    xmlns:xsi="http://www.w3.org/2001/XMLSchema-instance"
    xsi:schemaLocation="
        http://www.springframework.org/schema/beans http://www.springframework.org/schema/beans/spring-beans.xsd
        http://www.springframework.org/schema/context http://www.springframework.org/schema/context/spring-context.xsd"
        xmlns:context="http://www.springframework.org/schema/context">
         
	<!-- <bean id="triangle" class="org.koushik.javabrains.Triangle">
		<property name="pointA" ref="pointA" />
		<property name="pointB" ref="pointB" />
		<property name="pointC" ref="pointC" />
	</bean> -->
	
	<bean id="pointA" class="org.koushik.javabrains.Point">
		<qualifier value="circleRelated" />
		<property name="x" value="0" />
		<property name="y" value="0" />
	</bean>
	
    <bean id="pointB" class="org.koushik.javabrains.Point">
		<property name="x" value="-20" />
		<property name="y" value="0" />
	</bean>
	
	<bean id="pointC" class="org.koushik.javabrains.Point">
		<property name="x" value="20" />
		<property name="y" value="0" />
	</bean> 
	
	<bean id="circle" class="org.koushik.javabrains.Circle">
		
	</bean>
	
	<bean class="org.springframework.beans.factory.annotation.AutowiredAnnotationBeanPostProcessor" />
	
	<!-- <bean class="org.springframework.beans.factory.annotation.RequiredAnnotationBeanPostProcessor" /> -->
	<context:annotation-config/>
</beans>
	