<?xml version="1.0" encoding="UTF-8"?>
<beans xmlns="http://www.springframework.org/schema/beans"
    xmlns:xsi="http://www.w3.org/2001/XMLSchema-instance"
    xsi:schemaLocation="
        http://www.springframework.org/schema/beans http://www.springframework.org/schema/beans/spring-beans.xsd
        http://www.springframework.org/schema/context http://www.springframework.org/schema/context/spring-context.xsd"
        xmlns:context="http://www.springframework.org/schema/context">
        
   <context:annotation-config/>
   
   <context:component-scan base-package="org.koushik.javabrains" />
    
   <bean id="dataSource" class="org.apache.commons.dbcp.BasicDataSource">
   		<property name="driverClassName" value="org.apache.derby.jdbc.ClientDriver" />
   		<property name="url" value="jdbc:derby://localhost:1527//db;create=true" />
   		<property name="initialSize" value="2"/>
   		<property name="maxActive" value="5"/>
   </bean>
   
   <bean id="namedParameterJdbcDaoImpl" class="org.koushik.javabrains.dao.NamedParameterJdbcDaoImpl">
   		<property name="dataSource" ref="dataSource"/>
   </bean>
   
   <bean id="sessionFactory" class="org.springframework.orm.hibernate4.LocalSessionFactoryBean">
   		<property name="dataSource" ref="dataSource" />
   		<property name="packagesToScan" value="org.koushik.javabrains.model" />
   		
   		<property name="hibernateProperties">
   		<props>
   			<prop key="dialect">org.hibernate.dialect.DerbyDialect</prop>
   		</props>
   		</property>
   </bean>
</beans>